"state","district","party","gender","nameid","icpsr.id","missingVotes","idealPoint","lo","up","label","indx","firstnm","lastnm"
"IL","9","D","F","S001145","29911",24,-2.35734119026629,-2.74470016084696,-2.0008223949193,"Schakowsky (D IL-9)",1,"Jan","Schakowsky"
"WI","2","D","M","P000607", ,9,-2.23394517675669,-2.59102190785409,-1.87944681138047,"Pocan (D WI-2)",2,"Mark","Pocan"
"MA","2","D","M","M000312","29729",23,-2.03853202967348,-2.35311852033084,-1.72851779767033,"McGovern (D MA-2)",3,"Jim","McGovern"
"NY","10","D","M","N000002","29377",35,-1.98998077996853,-2.28708754923627,-1.7193235970933,"Nadler (D NY-10)",4,"Jerrold","Nadler"
"MD","4","D","F","E000290", ,42,-1.83030484452098,-2.10390745040931,-1.56171124354792,"Edwards (D MD-4)",5,"Donna","Edwards"
"CA","34","D","M","B000287","29316",44,-1.7651317491988,-2.0509148765274,-1.50901924919995,"Becerra (D CA-34)",6,"Xavier","Becerra"
"CA","13","D","F","L000551","29778",42,-1.74249872612809,-1.99508299202061,-1.52351998596726,"Lee (D CA-13)",7,"Barbara","Lee"
"CA","27","D","F","C001080", ,51,-1.71842042485677,-2.00450458769837,-1.46984701229356,"Chu (D CA-27)",8,"Judy","Chu"
"NJ","12","D","M","H001032","29923",148,-1.70846049999382,-1.96590562555667,-1.41926250043361,"Holt (D NJ-12)",9,"Rush","Holt"
"WA","7","D","M","M000404","15613",40,-1.68155184206782,-1.94258352971161,-1.44055720272988,"McDermott (D WA-7)",10,"Jim","McDermott"
"NY","15","D","M","S000248","29134",25,-1.67258819505477,-1.92273763667253,-1.42318730926403,"Serrano (D NY-15)",11,"José","Serrano"
"CA","37","D","F","B001270", ,136,-1.65583875115224,-1.91636277243973,-1.41045535987169,"Bass (D CA-37)",12,"Karen","Bass"
"NJ","6","D","M","P000034","15454",87,-1.62537539399668,-1.86986727523257,-1.39562056152193,"Pallone (D NJ-6)",13,"Frank","Pallone"
"MA","5","D","F","C001101","",656,-1.61819063525552,-1.98554852865616,-1.26705143378858,"Clark (D MA-5)",14,"Katherine","Clark"
"NY","9","D","F","C001067","20733",57,-1.61471563297119,-1.85858473462227,-1.38072959398607,"Clarke (D NY-9)",15,"Yvette","Clarke"
"CA","47","D","M","L000579", ,15,-1.56588292746562,-1.79166329920259,-1.34009915421926,"Lowenthal (D CA-47)",16,"Alan","Lowenthal"
"CA","17","D","M","H001034","20103",93,-1.5557745697162,-1.77897377553196,-1.34605393934409,"Honda (D CA-17)",17,"Michael","Honda"
"NY","7","D","F","V000081","29378",58,-1.54554126877339,-1.77837351611582,-1.33479303877488,"Velázquez (D NY-7)",18,"Nydia","Velázquez"
"MI","13","D","M","C000714","10713",53,-1.53225858976518,-1.7410625856847,-1.31843061586412,"Conyers Jr. (D MI-13)",19,"John","Conyers Jr."
"GA","5","D","M","L000287","15431",153,-1.53168547799831,-1.76126073962426,-1.31231114999975,"Lewis (D GA-5)",20,"John","Lewis"
"CA","40","D","F","R000486","29317",33,-1.49852502046319,-1.70889941322733,-1.28488157186927,"Roybal-Allard (D CA-40)",21,"Lucille","Roybal-Allard"
"MA","","D","M","M000133","14435",973,-1.49196247724882,-1.85995235219761,-1.11607671960799,"Markey (D MA-)",22,"Edward","Markey"
"MN","5","D","M","E000288","20727",53,-1.49136543369947,-1.72000886305253,-1.30139323889017,"Ellison (D MN-5)",23,"Keith","Ellison"
"MD","3","D","M","S001168","20724",34,-1.4638871173602,-1.67183217066538,-1.26810048950128,"Sarbanes (D MD-3)",24,"John","Sarbanes"
"NJ","10","D","M","P000604", ,43,-1.41401215701573,-1.5938201234651,-1.22583783806255,"Payne Jr. (D NJ-10)",25,"Donald","Payne Jr."
"CA","12","D","F","P000197","15448",112,-1.40735906926246,-1.61609472967953,-1.21014823079325,"Pelosi (D CA-12)",26,"Nancy","Pelosi"
"WI","4","D","F","M001160","20537",44,-1.40336342062453,-1.61436988670605,-1.22254784151251,"Moore (D WI-4)",27,"Gwen","Moore"
"MD","7","D","M","C000984","29587",32,-1.40312559693183,-1.60756128214914,-1.201405338439,"Cummings (D MD-7)",28,"Elijah","Cummings"
"FL","24","D","F","W000808", ,30,-1.39822977966744,-1.59900418550671,-1.21633539121517,"Wilson (D FL-24)",29,"Frederica","Wilson"
"NY","8","D","M","J000294", ,33,-1.38506921870174,-1.57803410551616,-1.19333905050528,"Jeffries (D NY-8)",30,"Hakeem","Jeffries"
"FL","20","D","M","H000324","29337",109,-1.37858934839712,-1.58734279774271,-1.20602310195897,"Hastings (D FL-20)",31,"Alcee","Hastings"
"CA","33","D","M","W000215","14280",80,-1.37856595574223,-1.55940545242554,-1.16951764543959,"Waxman (D CA-33)",32,"Henry","Waxman"
"ME","1","D","F","P000597", ,39,-1.36355182951231,-1.56189333782163,-1.18351354855395,"Pingree (D ME-1)",33,"Chellie","Pingree"
"CA","32","D","F","N000179","29903",46,-1.36034570709135,-1.55841346616339,-1.18198771463767,"Napolitano (D CA-32)",34,"Grace","Napolitano"
"CA","38","D","F","S001156","20310",34,-1.34611475112111,-1.52286709931134,-1.16123052831545,"Sanchez (D CA-38)",35,"Linda","Sanchez"
"MA","1","D","M","N000015","15616",73,-1.33750341764771,-1.52372928225647,-1.15151253381152,"Neal (D MA-1)",36,"Richard","Neal"
"CA","43","D","F","W000187","29106",86,-1.32715157478097,-1.53246943226226,-1.14976097811613,"Waters (D CA-43)",37,"Maxine","Waters"
"CA","6","D","F","M001163","20538",28,-1.32282405257465,-1.49849094292922,-1.1373545761103,"Matsui (D CA-6)",38,"Doris","Matsui"
"NY","14","D","M","C001038","29925",31,-1.3209355644406,-1.50079992612157,-1.14656567899973,"Crowley (D NY-14)",39,"Joseph","Crowley"
"MA","4","D","M","K000379", ,23,-1.31272499562563,-1.49559666822111,-1.13758827580907,"Kennedy III (D MA-4)",40,"Joseph","Kennedy III"
"AZ","3","D","M","G000551","20305",115,-1.30162082819797,-1.46198539634544,-1.131423852399,"Grijalva (D AZ-3)",41,"Raúl","Grijalva"
"CA","41","D","M","T000472", ,6,-1.29723913038001,-1.47447031055357,-1.13862170625496,"Takano (D CA-41)",42,"Mark","Takano"
"RI","1","D","M","C001084", ,31,-1.2970533581454,-1.47328610725539,-1.14096827509816,"Cicilline (D RI-1)",43,"David","Cicilline"
"CO","1","D","F","D000197","29710",69,-1.29435030246092,-1.46290555647183,-1.09702086151418,"DeGette (D CO-1)",44,"Diana","DeGette"
"CA","11","D","M","M000725","14256",105,-1.28951977904049,-1.46366440574801,-1.11506062931282,"Miller (D CA-11)",45,"George","Miller"
"CA","20","D","M","F000030","29313",46,-1.28853054182521,-1.46126012236605,-1.12337995584147,"Farr (D CA-20)",46,"Sam","Farr"
"CA","14","D","F","S001175", ,89,-1.28086138067516,-1.4563104043303,-1.10776309601641,"Speier (D CA-14)",47,"Jackie","Speier"
"CA","44","D","F","H001063", ,8,-1.27137931888803,-1.44661165708192,-1.10553527973853,"Hahn (D CA-44)",48,"Janice","Hahn"
"NY","20","D","M","T000469", ,7,-1.26571205041921,-1.43983737054788,-1.10830506534629,"Tonko (D NY-20)",49,"Paul","Tonko"
"IL","7","D","M","D000096","29717",77,-1.26238771947018,-1.43634419565227,-1.09312468742679,"Davis (D IL-7)",50,"Danny","Davis"
"IL","4","D","M","G000535","29348",204,-1.25306171333423,-1.42452153823577,-1.08994927304173,"Gutierrez (D IL-4)",51,"Luis","Gutierrez"
"MD","8","D","M","V000128","20330",18,-1.25169755254034,-1.41912454988688,-1.08798750780446,"Van Hollen (D MD-8)",52,"Chris","Van Hollen"
"IL","2","D","F","K000385","21371",111,-1.25075375286132,-1.42199877822151,-1.07975799700841,"Kelly (D IL-2)",53,"Robin","Kelly"
"OR","1","D","F","B001278", ,5,-1.24710875535562,-1.41037506459067,-1.08021909828913,"Bonamici (D OR-1)",54,"Suzanne","Bonamici"
"CA","2","D","M","H001068", ,36,-1.24475655655749,-1.41985940964195,-1.09414386761718,"Huffman (D CA-2)",55,"Jared","Huffman"
"OH","3","D","F","B001281", ,26,-1.24237473619724,-1.39873016247663,-1.06842643163607,"Beatty (D OH-3)",56,"Joyce","Beatty"
"OR","3","D","M","B000574","29588",63,-1.24118558179285,-1.40768070078242,-1.08303200586425,"Blumenauer (D OR-3)",57,"Earl","Blumenauer"
"FL","14","D","F","C001066","20708",54,-1.24088590046914,-1.41250224924293,-1.07795907306229,"Castor (D FL-14)",58,"Kathy","Castor"
"MA","7","D","M","C001037","29919",46,-1.23857668580329,-1.40141032575065,-1.08061727644337,"Capuano (D MA-7)",59,"Michael","Capuano"
"PA","2","D","M","F000043","29559",50,-1.23810870418452,-1.40334120076368,-1.07789146643449,"Fattah (D PA-2)",60,"Chaka","Fattah"
"NC","12","D","M","W000207","29383",511,-1.22891543033482,-1.4209242543278,-1.02598450156832,"Watt (D NC-12)",61,"Melvin","Watt"
"OH","11","D","F","F000455", ,64,-1.22301457526464,-1.38008117727643,-1.0661843824199,"Fudge (D OH-11)",62,"Marcia","Fudge"
"TN","9","D","M","C001068","20748",28,-1.21602320792265,-1.37449046659742,-1.05767144650488,"Cohen (D TN-9)",63,"Steve","Cohen"
"CT","3","D","F","D000216","29109",44,-1.20312050256986,-1.35957187295065,-1.03663603452785,"DeLauro (D CT-3)",64,"Rosa","DeLauro"
"NY","5","D","M","M001137","29776",83,-1.18796422384185,-1.33515139053864,-1.02535688560895,"Meeks (D NY-5)",65,"Gregory","Meeks"
"CA","18","D","F","E000215","29312",33,-1.18020428154063,-1.3476906367653,-1.02498438277636,"Eshoo (D CA-18)",66,"Anna","Eshoo"
"MA","3","D","F","T000465","20754",55,-1.17971375954166,-1.33990270887953,-1.02441795313956,"Tsongas (D MA-3)",67,"Niki","Tsongas"
"PA","17","D","M","C001090", ,11,-1.17966408962419,-1.34860476035916,-1.03651581478575,"Cartwright (D PA-17)",68,"Matt","Cartwright"
"GA","4","D","M","J000288","20712",66,-1.17878158262494,-1.33454767284825,-1.03443163160696,"Johnson (D GA-4)",69,"Hank","Johnson"
"PA","1","D","M","B001227","29777",23,-1.17854257562779,-1.33539150635578,-1.02969429948,"Brady (D PA-1)",70,"Robert","Brady"
"MI","5","D","M","K000380", ,7,-1.17203358151203,-1.32916664109451,-1.01888956355028,"Kildee (D MI-5)",71,"Dan","Kildee"
"NJ","8","D","M","S001165","20542",94,-1.16420128232609,-1.30802148849853,-1.00999172373342,"Sires (D NJ-8)",72,"Albio","Sires"
"MI","9","D","M","L000263","15033",6,-1.16315806676411,-1.3086416942376,-1.01043992058259,"Levin (D MI-9)",73,"Sander","Levin"
"NY","26","D","M","H001038","20519",69,-1.16144415959435,-1.3168409206994,-1.0096756336365,"Higgins (D NY-26)",74,"Brian","Higgins"
"KY","3","D","M","Y000062","20723",50,-1.15763333307304,-1.31679313419256,-1.02157715529572,"Yarmuth (D KY-3)",75,"John","Yarmuth"
"NJ","9","D","M","P000096","29741",36,-1.15748643713804,-1.30967644663979,-1.00702448097213,"Pascrell Jr. (D NJ-9)",76,"Bill","Pascrell Jr."
"FL","22","D","F","F000462", ,38,-1.15544530078773,-1.32404289699349,-1.0089162625361,"Frankel (D FL-22)",77,"Lois","Frankel"
"CA","28","D","M","S001150","20104",17,-1.15364722557782,-1.31814072969541,-1.00860581669946,"Schiff (D CA-28)",78,"Adam","Schiff"
"NY","25","D","F","S000480","15444",101,-1.15287037990772,-1.30758948595134,-0.99780897125809,"Slaughter (D NY-25)",79,"Louise","Slaughter"
"IL","1","D","M","R000515","29346",460,-1.14491226809101,-1.31281488614932,-0.986861643186766,"Rush (D IL-1)",80,"Bobby","Rush"
"FL","21","D","M","D000610", ,47,-1.1418704110142,-1.27991861621829,-0.991234176780631,"Deutch (D FL-21)",81,"Ted","Deutch"
"NY","16","D","M","E000179","15603",53,-1.13355968283282,-1.29097582085342,-0.984576764745131,"Engel (D NY-16)",82,"Eliot","Engel"
"PA","14","D","M","D000482","29561",57,-1.13182711806703,-1.29098396467571,-1.00045634510263,"Doyle (D PA-14)",83,"Mike","Doyle"
"CA","5","D","M","T000460","29901",20,-1.13077171098072,-1.29000247102639,-0.990477276989787,"Thompson (D CA-5)",84,"Mike","Thompson"
"VT","1","D","M","W000800","20750",19,-1.12763889978556,-1.27346222112894,-0.985922354444011,"Welch (D VT-1)",85,"Peter","Welch"
"VA","3","D","M","S000185","39307",18,-1.12707295529979,-1.27253357473217,-0.975435935187505,"Scott (D VA-3)",86,"Robert","Scott"
"NC","4","D","M","P000523","15438",5,-1.12675517976528,-1.26914254227992,-0.987544514913254,"Price (D NC-4)",87,"David","Price"
"NY","13","D","M","R000053","13035",193,-1.12666148117706,-1.27692514811675,-0.970539760142744,"Rangel (D NY-13)",88,"Charles","Rangel"
"CA","53","D","F","D000598","20108",33,-1.12177691708968,-1.27121061407017,-0.970237882411175,"Davis (D CA-53)",89,"Susan","Davis"
"MO","1","D","M","C001049","20147",78,-1.113751371621,-1.26968422485058,-0.977183649132698,"Clay (D MO-1)",90,"William","Clay"
"TX","30","D","F","J000126","39305",31,-1.09822540397279,-1.24702298809321,-0.966415879426975,"Johnson (D TX-30)",91,"Eddie","Johnson"
"MO","5","D","M","C001061","20517",123,-1.09368884293468,-1.24174673024271,-0.96016354593197,"Cleaver II (D MO-5)",92,"Emanuel","Cleaver II"
"NY","6","D","F","M001188", ,67,-1.07568569006155,-1.22606177787537,-0.940168741667908,"Meng (D NY-6)",93,"Grace","Meng"
"TX","16","D","M","O000170", ,7,-1.07069917733209,-1.22207020766215,-0.942674822013631,"O'Rourke (D TX-16)",94,"Beto","O'Rourke"
"NY","12","D","F","M000087","21344",46,-1.0674961427597,-1.20662019029934,-0.932281320542395,"Maloney (D NY-12)",95,"Carolyn","Maloney"
"CA","35","D","F","N000187", ,140,-1.05181401314093,-1.20027460538063,-0.911097288611445,"Negrete McLeod (D CA-35)",96,"Gloria","Negrete McLeod"
"IL","5","D","M","Q000023", ,37,-1.04984032688325,-1.18846104933115,-0.919062904512813,"Quigley (D IL-5)",97,"Mike","Quigley"
"CT","1","D","M","L000557","29908",30,-1.04549953958532,-1.17826499220151,-0.905224572444044,"Larson (D CT-1)",98,"John","Larson"
"NY","17","D","F","L000480","15612",12,-1.0433838525345,-1.17809470931923,-0.905814184261367,"Lowey (D NY-17)",99,"Nita","Lowey"
"FL","5","D","F","B000911","29328",68,-1.04168845740727,-1.16883993526461,-0.903361984464229,"Brown (D FL-5)",100,"Corrine","Brown"
"PA","13","D","F","S001162","20525",215,-1.03796133949261,-1.18425270850319,-0.899359453833115,"Schwartz (D PA-13)",101,"Allyson","Schwartz"
"MA","6","D","M","T000266","29730",29,-1.0319147470494,-1.159260244883,-0.90873263227108,"Tierney (D MA-6)",102,"John","Tierney"
"TX","35","D","M","D000399","29571",21,-1.03173477458734,-1.17573237438571,-0.905005578564413,"Doggett (D TX-35)",103,"Lloyd","Doggett"
"CA","24","D","F","C001036","29774",15,-1.01407912064479,-1.15030652810567,-0.890429308576296,"Capps (D CA-24)",104,"Lois","Capps"
"HI","1","D","F","H001050", ,138,-1.00736842069413,-1.14294944688882,-0.871153076391409,"Hanabusa (D HI-1)",105,"Colleen","Hanabusa"
"MI","12","D","M","D000355","2605",96,-1.007138778516,-1.13878732294616,-0.86956269921506,"Dingell (D MI-12)",106,"John","Dingell"
"RI","2","D","M","L000559","20136",29,-1.00257490939108,-1.14988446747168,-0.882902632828467,"Langevin (D RI-2)",107,"Jim","Langevin"
"CA","19","D","F","L000397","29504",18,-0.994414447033255,-1.1325723373454,-0.873769946016892,"Lofgren (D CA-19)",108,"Zoe","Lofgren"
"MD","5","D","M","H000874","14873",57,-0.993467004230798,-1.12037243341778,-0.864971881475504,"Hoyer (D MD-5)",109,"Steny","Hoyer"
"FL","23","D","F","W000797","20504",85,-0.987711938539169,-1.11464377618851,-0.860618322600163,"Wasserman Schultz (D FL-23)",110,"Debbie","Wasserman Schultz"
"FL","9","D","M","G000556", ,38,-0.987037213929337,-1.10531539877655,-0.857198827504091,"Grayson (D FL-9)",111,"Alan","Grayson"
"MN","4","D","F","M001143","20122",36,-0.982194410902226,-1.10314361436765,-0.859348826252088,"McCollum (D MN-4)",112,"Betty","McCollum"
"MS","2","D","M","T000193","29368",54,-0.980244148400689,-1.10834601325711,-0.849838173219783,"Thompson (D MS-2)",113,"Bennie","Thompson"
"NJ","1","D","M","A000210","29132",430,-0.977572084344511,-1.13257065719196,-0.848406489683965,"Andrews (D NJ-1)",114,"Robert","Andrews"
"IN","7","D","M","C001072", ,22,-0.975060833783872,-1.09675579899622,-0.84933180011283,"Carson (D IN-7)",115,"André","Carson"
"AZ","7","D","M","P000099","29101",140,-0.972708699828261,-1.10661353617869,-0.849717822676452,"Pastor (D AZ-7)",116,"Ed","Pastor"
"SC","6","D","M","C000537","39301",65,-0.972580496397722,-1.10433315220152,-0.852936239550652,"Clyburn (D SC-6)",117,"James","Clyburn"
"WA","9","D","M","S000510","29768",105,-0.964896596944048,-1.08545769406753,-0.83471016652207,"Smith (D WA-9)",118,"Adam","Smith"
"NM","3","D","M","L000570", ,17,-0.964607830346838,-1.09237361128558,-0.846914681145423,"Lujan (D NM-3)",119,"Ben","Lujan"
"OH","9","D","F","K000009","15029",44,-0.956906025989256,-1.08056578217781,-0.83742718800801,"Kaptur (D OH-9)",120,"Marcy","Kaptur"
"CA","15","D","M","S001193", ,9,-0.956150463569415,-1.07701977223165,-0.823923988589138,"Swalwell (D CA-15)",121,"Eric","Swalwell"
"NY","3","D","M","I000057","20129",21,-0.954138903573897,-1.08025108099914,-0.836166638842044,"Israel (D NY-3)",122,"Steve","Israel"
"TX","20","D","M","C001091", ,43,-0.950853833142687,-1.07494765304353,-0.831003006537889,"Castro (D TX-20)",123,"Joaquin","Castro"
"TX","18","D","F","J000032","29573",89,-0.940631490504166,-1.07141477576483,-0.825338441838258,"Jackson-Lee (D TX-18)",124,"Sheila","Jackson-Lee"
"NV","1","D","F","T000468", ,7,-0.938559562605921,-1.0548369308161,-0.816849627697608,"Titus (D NV-1)",125,"Dina","Titus"
"NC","1","D","M","B001251","20340",55,-0.935904090067297,-1.06321753343576,-0.821054269315146,"Butterfield (D NC-1)",126,"G.","Butterfield"
"WA","10","D","M","H001064", ,45,-0.924500813213427,-1.05087435964017,-0.812378897680356,"Heck (D WA-10)",127,"Denny","Heck"
"MA","9","D","M","K000375", ,35,-0.920061915603158,-1.05058630498782,-0.813179323105698,"Keating (D MA-9)",128,"Bill","Keating"
"CA","51","D","M","V000130", ,26,-0.919506676818814,-1.03637777777259,-0.806400605782678,"Vargas (D CA-51)",129,"Juan","Vargas"
"OR","4","D","M","D000191","15410",32,-0.918142398897865,-1.04237231514122,-0.807808891895692,"DeFazio (D OR-4)",130,"Peter","DeFazio"
"TX","33","D","M","V000131", ,16,-0.901700683851794,-1.01542281823198,-0.782409930615833,"Veasey (D TX-33)",131,"Marc","Veasey"
"VA","8","D","M","M000933","29149",57,-0.898689072251825,-1.01078157672501,-0.781811152650796,"Moran (D VA-8)",132,"James","Moran"
"CT","2","D","M","C001069","20706",31,-0.896056379905545,-1.02057508077027,-0.77763229014993,"Courtney (D CT-2)",133,"Joe","Courtney"
"CA","30","D","M","S000344","29707",14,-0.893543795672425,-1.01166142122849,-0.77877589296542,"Sherman (D CA-30)",134,"Brad","Sherman"
"VA","11","D","M","C001078", ,13,-0.876049289798171,-0.987219174064695,-0.75973407111553,"Connolly (D VA-11)",135,"Gerald","Connolly"
"CA","29","D","M","C001097", ,67,-0.875551529214198,-0.989492211519269,-0.758090090597693,"Cardenas (D CA-29)",136,"Tony","Cardenas"
"WA","2","D","M","L000560","20145",70,-0.872646178527667,-0.985974112596699,-0.75216282407439,"Larsen (D WA-2)",137,"Rick","Larsen"
"NH","1","D","F","S001170","20731",42,-0.87207254394084,-0.983640917343337,-0.754078472312315,"Shea-Porter (D NH-1)",138,"Carol","Shea-Porter"
"NV","4","D","M","H001066", ,161,-0.869990915132288,-0.986818736098181,-0.754664737927234,"Horsford (D NV-4)",139,"Steven","Horsford"
"NY","1","D","M","B001242","20338",10,-0.867583640219649,-0.981322075017234,-0.760362092218916,"Bishop (D NY-1)",140,"Timothy","Bishop"
"IN","1","D","M","V000108","15124",38,-0.859097463681666,-0.973927710634827,-0.753609797470426,"Visclosky (D IN-1)",141,"Peter","Visclosky"
"CT","5","D","F","E000293", ,23,-0.854941981220921,-0.971950125499817,-0.746670192524726,"Esty (D CT-5)",142,"Elizabeth","Esty"
"TX","9","D","M","G000553","20529",71,-0.83532727830642,-0.939191645922565,-0.722821374375117,"Green (D TX-9)",143,"Al","Green"
"MA","8","D","M","L000562","20119",111,-0.832483524766426,-0.944808626433135,-0.733553743663519,"Lynch (D MA-8)",144,"Stephen","Lynch"
"MN","8","D","M","N000127","14263",27,-0.829410055280657,-0.9294920742366,-0.713429726395622,"Nolan (D MN-8)",145,"Rick","Nolan"
"CA","46","D","F","S000030","29709",81,-0.824801167117307,-0.936254522184255,-0.717570423527818,"Sanchez (D CA-46)",146,"Loretta","Sanchez"
"LA","2","D","M","R000588", ,174,-0.824661669127183,-0.933782113893372,-0.715371414043758,"Richmond (D LA-2)",147,"Cedric","Richmond"
"OH","13","D","M","R000577","20343",76,-0.823413083560616,-0.938441957375591,-0.72867772340479,"Ryan (D OH-13)",148,"Tim","Ryan"
"GA","13","D","M","S001157","20321",47,-0.799512257482561,-0.900119528809383,-0.69482498642532,"Scott (D GA-13)",149,"David","Scott"
"CA","9","D","M","M001166","20702",21,-0.795856987526332,-0.902086535394416,-0.690280295327081,"McNerney (D CA-9)",150,"Jerry","McNerney"
"DE","1","D","M","C001083", ,71,-0.792799543870832,-0.894641215786951,-0.68423178202571,"Carney (D DE-1)",151,"John","Carney"
"ME","2","D","M","M001149","20328",10,-0.788875983055848,-0.898621025387369,-0.688191849578265,"Michaud (D ME-2)",152,"Michael","Michaud"
"MD","2","D","M","R000576","20329",71,-0.778367529388407,-0.880650957799177,-0.67066858252925,"Ruppersberger (D MD-2)",153,"C.A. Dutch","Ruppersberger"
"WA","6","D","M","K000381", ,18,-0.777022137770986,-0.884017916345834,-0.672776824485509,"Kilmer (D WA-6)",154,"Derek","Kilmer"
"NM","1","D","F","L000580", ,39,-0.773701708105974,-0.877257526700314,-0.666373013335676,"Lujan Grisham (D NM-1)",155,"Michelle","Lujan Grisham"
"CT","4","D","M","H001047", ,23,-0.764305855958433,-0.864336016489646,-0.667207172087552,"Himes (D CT-4)",156,"Jim","Himes"
"AL","7","D","F","S001185", ,25,-0.755654188309873,-0.858969445561552,-0.653189370767303,"Sewell (D AL-7)",157,"Terri","Sewell"
"TX","15","D","M","H000636","29763",151,-0.740638276670666,-0.841561534696552,-0.640437514027612,"Hinojosa (D TX-15)",158,"Rubén","Hinojosa"
"MD","6","D","M","D000620", ,28,-0.737519071390466,-0.841290541758743,-0.636511217333257,"Delaney (D MD-6)",159,"John","Delaney"
"NY","4","D","F","M000309","29744",668,-0.735621818018187,-0.85894492570446,-0.60367937429414,"McCarthy (D NY-4)",160,"Carolyn","McCarthy"
"NH","2","D","F","K000382", ,16,-0.734740569218047,-0.844708132176598,-0.638834853934832,"Kuster (D NH-2)",161,"Ann","Kuster"
"WI","3","D","M","K000188","29769",36,-0.73412591646582,-0.833066484448689,-0.630030630354406,"Kind (D WI-3)",162,"Ron","Kind"
"WA","1","D","F","D000617", ,13,-0.727113635758492,-0.831660908707855,-0.631679376557683,"DelBene (D WA-1)",163,"Suzan","DelBene"
"CA","26","D","F","B001285", ,8,-0.71665231733164,-0.819805706676413,-0.62307908132508,"Brownley (D CA-26)",164,"Julia","Brownley"
"IA","1","D","M","B001259","20719",29,-0.703421615443374,-0.799542140603072,-0.60064796012069,"Braley (D IA-1)",165,"Bruce","Braley"
"HI","2","D","F","G000571", ,49,-0.69900460894865,-0.801524242473969,-0.605646542262219,"Gabbard (D HI-2)",166,"Tulsi","Gabbard"
"CA","3","D","M","G000559", ,30,-0.698323390166161,-0.794433339121193,-0.605107394497949,"Garamendi (D CA-3)",167,"John","Garamendi"
"IL","8","D","F","D000622", ,33,-0.67617541256884,-0.773449712213405,-0.579108439960532,"Duckworth (D IL-8)",168,"Tammy","Duckworth"
"CO","2","D","M","P000598", ,109,-0.655955057511676,-0.754708915399511,-0.564080493573075,"Polis (D CO-2)",169,"Jared","Polis"
"IA","2","D","M","L000565","20720",16,-0.645425519702258,-0.739726006317766,-0.556739199616767,"Loebsack (D IA-2)",170,"Dave","Loebsack"
"CO","7","D","M","P000593","20705",65,-0.643613306291031,-0.740830681316221,-0.553362596781061,"Perlmutter (D CO-7)",171,"Ed","Perlmutter"
"IL","11","D","M","F000454", ,17,-0.632291455672352,-0.723595640976242,-0.54420566776029,"Foster (D IL-11)",172,"Bill","Foster"
"MN","1","D","M","W000799","20726",30,-0.618046111272231,-0.719854983665183,-0.531811939120426,"Walz (D MN-1)",173,"Tim","Walz"
"MI","14","D","M","P000595", ,42,-0.603583986573771,-0.694704587487333,-0.519234633719038,"Peters (D MI-14)",174,"Gary","Peters"
"CA","7","D","M","B001287", ,9,-0.560263834957062,-0.644968643510584,-0.46926512532825,"Bera (D CA-7)",175,"Ami","Bera"
"IL","10","D","M","S001190", ,26,-0.55744834537248,-0.650314125435247,-0.470605414404807,"Schneider (D IL-10)",176,"Brad","Schneider"
"IL","12","D","M","E000292", ,31,-0.548924218151929,-0.635195153377737,-0.460450964148717,"Enyart (D IL-12)",177,"Bill","Enyart"
"AZ","1","D","F","K000368", ,93,-0.542422578250222,-0.635574782403794,-0.454625194541018,"Kirkpatrick (D AZ-1)",178,"Ann","Kirkpatrick"
"IL","17","D","F","B001286", ,23,-0.533676993776432,-0.628619677712874,-0.45115003596503,"Bustos (D IL-17)",179,"Cheri","Bustos"
"TN","5","D","M","C000754","15019",21,-0.51125153680933,-0.597311011666874,-0.426755565185278,"Cooper (D TN-5)",180,"Jim","Cooper"
"FL","26","D","M","G000573", ,43,-0.495962257749245,-0.582515467443442,-0.417129032507764,"Garcia (D FL-26)",181,"Joe","Garcia"
"CA","36","D","M","R000599", ,40,-0.495168720282408,-0.582286561934056,-0.412232403809787,"Ruiz (D CA-36)",182,"Raul","Ruiz"
"TX","34","D","M","V000132", ,34,-0.476350270781869,-0.558795956396381,-0.394700996871272,"Vela (D TX-34)",183,"Filemon","Vela"
"TX","29","D","M","G000410","39304",54,-0.473491118592677,-0.558404821875222,-0.392601983135468,"Green (D TX-29)",184,"Gene","Green"
"IL","3","D","M","L000563","20508",36,-0.470533933822392,-0.560169478140681,-0.391228631076208,"Lipinski (D IL-3)",185,"Daniel","Lipinski"
"NY","18","D","M","M001185", ,19,-0.465127759595338,-0.546263930327341,-0.381434986817076,"Maloney (D NY-18)",186,"Sean","Maloney"
"CA","52","D","M","P000608", ,15,-0.446127424318846,-0.530156092849688,-0.366484174742123,"Peters (D CA-52)",187,"Scott","Peters"
"GA","2","D","M","B000490","29339",74,-0.443655348546789,-0.533020712032894,-0.369677384193207,"Bishop Jr. (D GA-2)",188,"Sanford","Bishop Jr."
"OR","5","D","M","S001180", ,16,-0.405377584985577,-0.48656063795512,-0.329644802165696,"Schrader (D OR-5)",189,"Kurt","Schrader"
"NY","24","D","M","M001171", ,13,-0.400296556830882,-0.483881959939803,-0.324860432734207,"Maffei (D NY-24)",190,"Dan","Maffei"
"FL","18","D","M","M001191", ,21,-0.374380139635129,-0.459396477267581,-0.300719027295936,"Murphy (D FL-18)",191,"Patrick","Murphy"
"TX","23","D","M","G000572", ,21,-0.368150709427629,-0.447444994750125,-0.291759516004258,"Gallego (D TX-23)",192,"Pete","Gallego"
"AZ","9","D","F","S001191", ,34,-0.342468026010519,-0.42035263440324,-0.268298425669209,"Sinema (D AZ-9)",193,"Kyrsten","Sinema"
"TX","28","D","M","C001063","20533",6,-0.306151366841592,-0.385849264173335,-0.23495311052322,"Cuellar (D TX-28)",194,"Henry","Cuellar"
"WV","3","D","M","R000011","14448",14,-0.287703503152549,-0.36197713587053,-0.215144705225628,"Rahall II (D WV-3)",195,"Nick","Rahall II"
"NY","21","D","M","O000169", ,49,-0.280131557645274,-0.355361180689201,-0.204163718833035,"Owens (D NY-21)",196,"Bill","Owens"
"CA","16","D","M","C001059","20501",62,-0.264275866823214,-0.339146916306755,-0.188438005263266,"Costa (D CA-16)",197,"Jim","Costa"
"AZ","2","D","M","B001279", ,31,-0.258243091686905,-0.332019449868789,-0.18709034748029,"Barber (D AZ-2)",198,"Ron","Barber"
"GA","12","D","M","B001252","20507",3,-0.15367018619817,-0.230531067478147,-0.0860671257109792,"Barrow (D GA-12)",199,"John","Barrow"
"MN","7","D","M","P000258","29127",8,-0.140044603378783,-0.216618436428942,-0.0735381586545708,"Peterson (D MN-7)",200,"Collin","Peterson"
"NC","7","D","M","M000485","29746",52,-0.122987361517376,-0.191433093336068,-0.0513102762390545,"McIntyre (D NC-7)",201,"Mike","McIntyre"
"UT","4","D","M","M001142","20140",8,-0.0967175356543442,-0.170055183082448,-0.0308726016663924,"Matheson (D UT-4)",202,"Jim","Matheson"
"NY","19","R","M","G000564", ,13,0.196988764456969,0.118344485995428,0.264771921939904,"Gibson (R NY-19)",203,"Chris","Gibson"
"NC","3","R","M","J000255","29546",98,0.222635884688951,0.145495625425081,0.293825038644836,"Jones (R NC-3)",204,"Walter","Jones"
"PA","8","R","M","F000451","20524",26,0.342010672963602,0.257876174817895,0.41594087712645,"Fitzpatrick (R PA-8)",205,"Michael","Fitzpatrick"
"NJ","2","R","M","L000554","29539",7,0.371271740101479,0.286389393079145,0.447380420470006,"LoBiondo (R NJ-2)",206,"Frank","LoBiondo"
"NY","22","R","M","H001051", ,93,0.395025815273303,0.310294416944637,0.481005956113652,"Hanna (R NY-22)",207,"Richard","Hanna"
"NY","11","R","M","G000569", ,89,0.413642301867719,0.321904736678483,0.491900409065085,"Grimm (R NY-11)",208,"Mike","Grimm"
"NY","2","R","M","K000210","29375",26,0.41713167182411,0.333129028214815,0.500980170647282,"King (R NY-2)",209,"Peter","King"
"NJ","4","R","M","S000522","14863",28,0.442401045193414,0.349402440620715,0.526083124094332,"Smith (R NJ-4)",210,"Christopher","Smith"
"NJ","3","R","M","R000594", ,73,0.443496621807306,0.355024220738543,0.532477981603799,"Runyan (R NJ-3)",211,"Jon","Runyan"
"WA","8","R","M","R000578","20536",8,0.46144480388588,0.365887804449705,0.545989538272845,"Reichert (R WA-8)",212,"Dave","Reichert"
"FL","13","R","M","J000296","",765,0.475552823912617,0.363157574463448,0.583865130834673,"Jolly (R FL-13)",213,"David","Jolly"
"PA","15","R","M","D000604","20526",8,0.498636495470346,0.409078007605043,0.588369158316762,"Dent (R PA-15)",214,"Charlie","Dent"
"AK","1","R","M","Y000033","14066",96,0.500658677861012,0.40168818968951,0.588534647467658,"Young (R AK-1)",215,"Don","Young"
"PA","7","R","M","M001181", ,10,0.507685627573545,0.419046575211182,0.600642169941068,"Meehan (R PA-7)",216,"Pat","Meehan"
"VA","10","R","M","W000672","14869",25,0.508717046269717,0.412553974769702,0.603679575232529,"Wolf (R VA-10)",217,"Frank","Wolf"
"FL","27","R","F","R000435","15634",74,0.517147067854339,0.42105311014943,0.612516144070456,"Ros-Lehtinen (R FL-27)",218,"Ileana","Ros-Lehtinen"
"FL","25","R","M","D000600","20316",69,0.517215141775568,0.422465195752633,0.611590469277192,"Diaz-Balart (R FL-25)",219,"Mario","Diaz-Balart"
"PA","6","R","M","G000549","20345",28,0.517907108981218,0.423657455427078,0.608431111031962,"Gerlach (R PA-6)",220,"Jim","Gerlach"
"NV","3","R","M","H001055", ,13,0.522099270935648,0.430322453548716,0.614379195762768,"Heck (R NV-3)",221,"Joe","Heck"
"NY","23","R","M","R000585", ,48,0.524701148106196,0.430008615737116,0.620539296400966,"Reed (R NY-23)",222,"Tom","Reed"
"OH","14","R","M","J000295", ,21,0.532989388913384,0.441843573258537,0.630238479720322,"Joyce (R OH-14)",223,"Dave","Joyce"
"CA","21","R","M","V000129", ,9,0.540791303530207,0.441315880319731,0.630155835797395,"Valadao (R CA-21)",224,"David","Valadao"
"WA","3","R","F","H001056", ,320,0.545660408741487,0.440895330236758,0.639015647538926,"Herrera Beutler (R WA-3)",225,"Jaime","Herrera Beutler"
"NJ","11","R","M","F000372","29541",13,0.546601516609969,0.455046580432399,0.642316230188095,"Frelinghuysen (R NJ-11)",226,"Rodney","Frelinghuysen"
"NE","1","R","M","F000449","20518",39,0.554075626766528,0.461819048553662,0.651543415897583,"Fortenberry (R NE-1)",227,"Jeff","Fortenberry"
"TN","2","R","M","D000533","15455",14,0.561817870976932,0.472196204227709,0.651287543637634,"Duncan Jr. (R TN-2)",228,"John","Duncan Jr."
"OH","10","R","M","T000463","20342",11,0.566801005148697,0.463750574345263,0.658703651871698,"Turner (R OH-10)",229,"Michael","Turner"
"WV","1","R","M","M001180", ,3,0.582750783658473,0.478815423468902,0.67871806875862,"McKinley (R WV-1)",230,"David","McKinley"
"IA","3","R","M","L000111","29522",12,0.583440267839365,0.489534202218834,0.685607386292084,"Latham (R IA-3)",231,"Tom","Latham"
"NJ","7","R","M","L000567", ,3,0.58401626706733,0.489181576136563,0.678887293824797,"Lance (R NJ-7)",232,"Leonard","Lance"
"CA","10","R","M","D000612", ,15,0.585050616454989,0.486417785046548,0.683402689429356,"Denham (R CA-10)",233,"Jeffrey","Denham"
"IL","15","R","M","S000364","29718",70,0.589811476839562,0.494268329067036,0.685728204326342,"Shimkus (R IL-15)",234,"John","Shimkus"
"PA","5","R","M","T000467", ,22,0.593414692080458,0.490480998037262,0.690884350129082,"Thompson (R PA-5)",235,"Glenn","Thompson"
"IL","13","R","M","D000619", ,27,0.598597186008002,0.495977418193308,0.687882984420377,"Davis (R IL-13)",236,"Rodney","Davis"
"WV","2","R","F","C001047","20146",50,0.600395177843213,0.494164984816319,0.693696055100641,"Capito (R WV-2)",237,"Shelley","Capito"
"PA","11","R","M","B001269", ,25,0.604508963855232,0.507154617340334,0.70327569315339,"Barletta (R PA-11)",238,"Lou","Barletta"
"LA","5","R","M","A000361","90327",644,0.620279100601438,0.489984009627416,0.743069821189493,"Alexander (R LA-5)",239,"Rodney","Alexander"
"IL","16","R","M","K000378", ,7,0.62056875684631,0.513895210096491,0.715369274883466,"Kinzinger (R IL-16)",240,"Adam","Kinzinger"
"FL","4","R","M","C001045","20111",34,0.63180922871229,0.524604291091804,0.733357957759752,"Crenshaw (R FL-4)",241,"Ander","Crenshaw"
"OK","4","R","M","C001053","20344",52,0.632990872795283,0.532514747728092,0.735292611367542,"Cole (R OK-4)",242,"Tom","Cole"
"IL","18","R","M","S001179", ,60,0.637648434528823,0.536919658076091,0.736497402479309,"Schock (R IL-18)",243,"Aaron","Schock"
"KY","5","R","M","R000395","14854",42,0.640560217368497,0.532805833951194,0.739953634192738,"Rogers (R KY-5)",244,"Harold","Rogers"
"MO","8","R","F","E000172","29736",1109,0.644605181329021,0.183575501199595,1.1648751911375,"Emerson (R MO-8)",245,"Jo Ann","Emerson"
"ID","2","R","M","S001148","29910",29,0.646476104405241,0.542015699663628,0.749230929316822,"Simpson (R ID-2)",246,"Mike","Simpson"
"CA","25","R","M","M000508","29315",40,0.647723832794589,0.551933268255237,0.756923394358872,"McKeon (R CA-25)",247,"Howard","McKeon"
"GA","10","R","M","B001262","20753",37,0.653747183135952,0.551536002165324,0.744010509383018,"Broun (R GA-10)",248,"Paul","Broun"
"VA","9","R","M","G000568", ,12,0.654723233309493,0.559665107921657,0.757626268802431,"Griffith (R VA-9)",249,"Morgan","Griffith"
"OH","15","R","M","S001187", ,32,0.6553710374045,0.54793721390915,0.75888833221264,"Stivers (R OH-15)",250,"Steve","Stivers"
"MI","3","R","M","A000367", ,4,0.656681655501878,0.557438754673579,0.756235760838625,"Amash (R MI-3)",251,"Justin","Amash"
"CA","31","R","M","M001139","29905",365,0.659544299219576,0.547176692160745,0.770981576075398,"Miller (R CA-31)",252,"Gary","Miller"
"CA","42","R","M","C000059","29323",17,0.660590220227734,0.554238541080003,0.761479348039469,"Calvert (R CA-42)",253,"Ken","Calvert"
"KY","1","R","M","W000413","29525",47,0.667602610252253,0.560374197833728,0.770048672617539,"Whitfield (R KY-1)",254,"Edward","Whitfield"
"OH","8","R","M","B000589","15806",1096,0.667954543533189,0.40219058108453,0.975657001766592,"Boehner (R OH-8)",255,"John","Boehner"
"OR","2","R","M","W000791","29932",15,0.676384660658305,0.57064650105913,0.777485912886871,"Walden (R OR-2)",256,"Greg","Walden"
"WA","4","R","M","H000329","29580",23,0.68081286097462,0.581332482567452,0.78835619468422,"Hastings (R WA-4)",257,"Doc","Hastings"
"MI","6","R","M","U000031","15446",23,0.687583652136814,0.580746256111992,0.792226893259048,"Upton (R MI-6)",258,"Fred","Upton"
"FL","13","R","M","Y000031","13047",748,0.688101705420963,0.531951820545359,0.825867250476916,"Young (R FL-13)",259,"C. W. Bill","Young"
"AL","6","R","M","B000013","29301",26,0.68819747384616,0.579906844223676,0.789875165696957,"Bachus (R AL-6)",260,"Spencer","Bachus"
"NE","2","R","M","T000459","29921",10,0.689154665755373,0.585659219166057,0.789670574531519,"Terry (R NE-2)",261,"Lee","Terry"
"KY","4","R","M","M001184", ,5,0.691771688887137,0.587208612116603,0.792333954650607,"Massie (R KY-4)",262,"Thomas","Massie"
"OK","3","R","M","L000491","29393",23,0.694036614020369,0.583642495198651,0.795384543124749,"Lucas (R OK-3)",263,"Frank","Lucas"
"FL","8","R","M","P000599", ,8,0.698369830747558,0.592531427475007,0.794862853222021,"Posey (R FL-8)",264,"Bill","Posey"
"AL","2","R","F","R000591", ,13,0.700673625915998,0.585162578876476,0.800036383226509,"Roby (R AL-2)",265,"Martha","Roby"
"CO","6","R","M","C001077", ,11,0.700976033234099,0.593123835000397,0.797315737721012,"Coffman (R CO-6)",266,"Mike","Coffman"
"MS","3","R","M","H001045", ,25,0.705026516245715,0.605332701874847,0.809337562797433,"Harper (R MS-3)",267,"Gregg","Harper"
"ND","1","R","M","C001096", ,63,0.708729552068128,0.600619567411391,0.812184996375139,"Cramer (R ND-1)",268,"Kevin","Cramer"
"OH","16","R","M","R000586", ,10,0.71208742766737,0.60748369333938,0.822109042928537,"Renacci (R OH-16)",269,"Jim","Renacci"
"AR","1","R","M","C001087", ,84,0.715712583345416,0.608786636370245,0.822522537948072,"Crawford (R AR-1)",270,"Rick","Crawford"
"PA","10","R","M","M001179", ,21,0.716836650413236,0.612185969982833,0.823036282891422,"Marino (R PA-10)",271,"Tom","Marino"
"PA","18","R","M","M001151","20346",17,0.719541682758381,0.611867050987914,0.825254622434909,"Murphy (R PA-18)",272,"Tim","Murphy"
"SC","1","R","M","S000051","29565",163,0.721631074787733,0.617556524018342,0.826660815975134,"Sanford (R SC-1)",273,"Mark","Sanford"
"FL","16","R","M","B001260","20709",51,0.728162467902632,0.625479206940831,0.836855805502413,"Buchanan (R FL-16)",274,"Vern","Buchanan"
"AR","3","R","M","W000809", ,3,0.72943202715069,0.616739565253598,0.833717312382996,"Womack (R AR-3)",275,"Steve","Womack"
"MI","1","R","M","B001271", ,38,0.729436154674899,0.619181445744591,0.833561903010985,"Benishek (R MI-1)",276,"Dan","Benishek"
"NV","2","R","M","A000369", ,100,0.72988327759879,0.620085698796555,0.836958179916783,"Amodei (R NV-2)",277,"Mark","Amodei"
"FL","17","R","M","R000583", ,22,0.730776601832913,0.633489460970151,0.842970567749268,"Rooney (R FL-17)",278,"Tom","Rooney"
"AL","1","R","M","B001244","20300",708,0.730935661403898,0.595434655050949,0.878603634321351,"Bonner (R AL-1)",279,"Jo","Bonner"
"VA","4","R","M","F000445","20143",26,0.731702505822979,0.613806472715674,0.831736529724417,"Forbes (R VA-4)",280,"J.","Forbes"
"CA","22","R","M","N000181","20307",33,0.741828689097571,0.64137487760247,0.856549198171062,"Nunes (R CA-22)",281,"Devin","Nunes"
"OH","12","R","M","T000462","20130",33,0.742126464306709,0.635914697648872,0.852166269826287,"Tiberi (R OH-12)",282,"Pat","Tiberi"
"PA","3","R","M","K000376", ,8,0.745869283332144,0.646620652016589,0.867847141237608,"Kelly (R PA-3)",283,"Mike","Kelly"
"CA","48","R","M","R000409","15621",90,0.748153749362122,0.647432965664541,0.863324485793101,"Rohrabacher (R CA-48)",284,"Dana","Rohrabacher"
"VA","2","R","M","R000589", ,19,0.749108901813076,0.639558347044532,0.853565263480397,"Rigell (R VA-2)",285,"Scott","Rigell"
"NY","27","R","M","C001092", ,26,0.752976067671323,0.644086065766528,0.859153699940131,"Collins (R NY-27)",286,"Chris","Collins"
"PA","9","R","M","S001154","20134",53,0.753015529423311,0.650774246170094,0.866045304062116,"Shuster (R PA-9)",287,"Bill","Shuster"
"NC","2","R","F","E000291", ,21,0.754413285925593,0.638729286583925,0.857588312089973,"Ellmers (R NC-2)",288,"Renee","Ellmers"
"CO","4","R","M","G000562", ,22,0.760374417307199,0.659122013066924,0.877165983089542,"Gardner (R CO-4)",289,"Cory","Gardner"
"AR","2","R","M","G000567", ,28,0.764282021808406,0.654813716917825,0.875226298797946,"Griffin (R AR-2)",290,"Tim","Griffin"
"WI","6","R","M","P000265","14675",9,0.766379840397059,0.654577072015141,0.872206477220445,"Petri (R WI-6)",291,"Tom","Petri"
"AL","4","R","M","A000055","29701",92,0.767898095219396,0.656864551573928,0.883018962652332,"Aderholt (R AL-4)",292,"Robert","Aderholt"
"FL","10","R","M","W000806", ,42,0.776540518670982,0.65717640383259,0.884496756503006,"Webster (R FL-10)",293,"Daniel","Webster"
"TX","7","R","M","C001048","20139",120,0.777480793039531,0.672094903561265,0.894019128420652,"Culberson (R TX-7)",294,"John","Culberson"
"MI","8","R","M","R000572","20120",80,0.784325190871494,0.677238941899445,0.901088019039144,"Rogers (R MI-8)",295,"Mike","Rogers"
"LA","5","R","M","M001192","",657,0.785628535117893,0.643373574013196,0.917619448551154,"McAllister (R LA-5)",296,"Vance","McAllister"
"LA","6","R","M","C001075", ,49,0.787684362371357,0.670594306944041,0.895922100545829,"Cassidy (R LA-6)",297,"Bill","Cassidy"
"MI","4","R","M","C000071","29124",23,0.790785864934687,0.675974407625082,0.897267229205919,"Camp (R MI-4)",298,"Dave","Camp"
"SD","1","R","F","N000184", ,58,0.791357161133804,0.684546143367917,0.905962572130674,"Noem (R SD-1)",299,"Kristi","Noem"
"MN","3","R","M","P000594", ,7,0.791886689786573,0.679719408504718,0.898446799947187,"Paulsen (R MN-3)",300,"Erik","Paulsen"
"CO","3","R","M","T000470", ,36,0.795385159263668,0.684994608356211,0.90840093817467,"Tipton (R CO-3)",301,"Scott","Tipton"
"CA","23","R","M","M001165","20703",4,0.795923360182962,0.678316558129187,0.908405424401548,"McCarthy (R CA-23)",302,"Kevin","McCarthy"
"TX","36","R", ,"S000937","29570",69,0.796779303690884,0.685707970143594,0.903114053122302,"Stockman (R TX-36)",303,"Steve","Stockman"
"NM","2","R","M","P000588","20337",19,0.798804635009259,0.691739814792735,0.910868966321284,"Pearce (R NM-2)",304,"Steve","Pearce"
"IL","6","R","M","R000580","20715",19,0.799236783363699,0.682559068678897,0.903892414856286,"Roskam (R IL-6)",305,"Peter","Roskam"
"VA","1","R","M","W000804","20756",9,0.799754637817495,0.681349414629243,0.900665902140121,"Wittman (R VA-1)",306,"Robert","Wittman"
"IN","2","R","F","W000813", ,13,0.813023673081182,0.706923027583835,0.930149344522934,"Walorski (R IN-2)",307,"Jackie","Walorski"
"CA","8","R","M","C001094", ,12,0.814026368138502,0.701622014224799,0.92129384811118,"Cook (R CA-8)",308,"Paul","Cook"
"LA","3","R","M","B001255","20514",10,0.821717727635393,0.706856859928402,0.927467296234243,"Boustany Jr. (R LA-3)",309,"Charles","Boustany Jr."
"IN","5","R","F","B001284", ,10,0.825393633876446,0.704983380099498,0.936074478795114,"Brooks (R IN-5)",310,"Susan","Brooks"
"FL","11","R","M","N000185", ,36,0.827612791229493,0.70963551374224,0.941763876010617,"Nugent (R FL-11)",311,"Richard","Nugent"
"OH","7","R","M","G000563", ,19,0.834399339614239,0.718518735224317,0.949428831349196,"Gibbs (R OH-7)",312,"Bob","Gibbs"
"WA","5","R","F","M001159","20535",52,0.837145722963131,0.725839129602054,0.957741319422397,"McMorris Rodgers (R WA-5)",313,"Cathy","McMorris Rodgers"
"VA","7","R","M","C001046","20144",83,0.839469036721951,0.718328478791385,0.955010142340085,"Cantor (R VA-7)",314,"Eric","Cantor"
"KY","2","R","M","G000558", ,15,0.840138455721649,0.724271181470753,0.958632389301803,"Guthrie (R KY-2)",315,"Brett","Guthrie"
"IN","9","R","M","Y000064", ,16,0.843043840589127,0.72913056285133,0.954153699558345,"Young (R IN-9)",316,"Todd","Young"
"TX","31","R","M","C001051","20356",64,0.844536849692164,0.731238923700677,0.958565848840803,"Carter (R TX-31)",317,"John","Carter"
"FL","12","R","M","B001257", ,25,0.845256433096732,0.731759867003364,0.964900924075352,"Bilirakis (R FL-12)",318,"Gus","Bilirakis"
"CA","49","R","M","I000056","20107",15,0.853043199075721,0.742875701547834,0.97284009557168,"Issa (R CA-49)",319,"Darrell","Issa"
"IN","8","R","M","B001275", ,17,0.856317165829732,0.734194236408079,0.965421594791282,"Bucshon (R IN-8)",320,"Larry","Bucshon"
"MO","3","R","M","L000569", ,11,0.857400846530246,0.747282757465796,0.979434184200807,"Luetkemeyer (R MO-3)",321,"Blaine","Luetkemeyer"
"UT","2","R","M","S001192", ,32,0.85913221335491,0.738028707011277,0.97143765154375,"Stewart (R UT-2)",322,"Chris","Stewart"
"MT","1","R","M","D000618", ,13,0.860512869293481,0.746659140089477,0.974685086388031,"Daines (R MT-1)",323,"Steve","Daines"
"KY","6","R","M","B001282", ,8,0.864119038529613,0.748963933401378,0.977624689421255,"Barr (R KY-6)",324,"Andy","Barr"
"TX","12","R","F","G000377","29762",56,0.864753322642526,0.741741123083888,0.985221767309652,"Granger (R TX-12)",325,"Kay","Granger"
"OH","6","R","M","J000292", ,4,0.865642979341326,0.739146737388653,0.974426529911266,"Johnson (R OH-6)",326,"Bill","Johnson"
"AL","3","R","M","R000575","20301",32,0.865699694982346,0.74704853767264,0.982070824024462,"Rogers (R AL-3)",327,"Mike","Rogers"
"TX","4","R","M","H000067","94828",39,0.871463607344626,0.754169922047389,0.991698094318742,"Hall (R TX-4)",328,"Ralph","Hall"
"MO","6","R","M","G000546","20124",72,0.872244003125147,0.754300236287282,0.991531959061533,"Graves (R MO-6)",329,"Sam","Graves"
"TX","6","R","M","B000213","15085",57,0.873163516586467,0.760344806945723,0.991237572370429,"Barton (R TX-6)",330,"Joe","Barton"
"MN","2","R","M","K000363","20333",7,0.878416365561055,0.764153897931801,0.998061063253597,"Kline (R MN-2)",331,"John","Kline"
"AL","5","R","M","B001274", ,15,0.888077371911992,0.76597913091203,1.00145967766346,"Brooks (R AL-5)",332,"Mo","Brooks"
"PA","12","R","M","R000598", ,4,0.892808421740955,0.767305556280336,1.00246651290426,"Rothfus (R PA-12)",333,"Keith","Rothfus"
"MI","10","R","F","M001150","20331",5,0.902198529553957,0.775171646634239,1.02550898456912,"Miller (R MI-10)",334,"Candice","Miller"
"MO","2","R","F","W000812", ,27,0.914319978772899,0.795117586383351,1.03460926862103,"Wagner (R MO-2)",335,"Ann","Wagner"
"MO","4","R","F","H001053", ,67,0.920627529870782,0.793322393352954,1.0391604367013,"Hartzler (R MO-4)",336,"Vicky","Hartzler"
"FL","7","R","M","M000689","29331",4,0.921209641687071,0.79171439073586,1.04188231474595,"Mica (R FL-7)",337,"John","Mica"
"TX","2","R","M","P000592","20528",49,0.922724895971906,0.814682275079781,1.05109835551574,"Poe (R TX-2)",338,"Ted","Poe"
"TN","1","R","M","R000582", ,15,0.925314437205662,0.794949117116967,1.04288300238505,"Roe (R TN-1)",339,"Phil","Roe"
"TX","27","R","M","F000460", ,7,0.925538238876652,0.798683936393922,1.03998844052778,"Farenthold (R TX-27)",340,"Blake","Farenthold"
"KS","2","R","F","J000290", ,6,0.93019831368484,0.807259655281437,1.04063937345514,"Jenkins (R KS-2)",341,"Lynn","Jenkins"
"TN","3","R","M","F000459", ,17,0.930434851271117,0.81101161382601,1.05405360796232,"Fleischmann (R TN-3)",342,"Chuck","Fleischmann"
"FL","2","R","M","S001186", ,12,0.939104181521857,0.809335476053549,1.06162397212652,"Southerland (R FL-2)",343,"Steve","Southerland"
"NC","6","R","M","C000556","15092",165,0.939561098662497,0.80966033502424,1.06431998654729,"Coble (R NC-6)",344,"Howard","Coble"
"CA","50","R","M","H001048", ,78,0.939691212910487,0.822724654322075,1.07621549711236,"Hunter (R CA-50)",345,"Duncan","Hunter"
"WI","7","R","M","D000614", ,63,0.940554319263482,0.810720443207486,1.0593245566323,"Duffy (R WI-7)",346,"Sean","Duffy"
"KS","1","R","M","H001057", ,23,0.941034098579277,0.820785510804998,1.06575663272542,"Huelskamp (R KS-1)",347,"Tim","Huelskamp"
"CA","45","R","M","C001064","20539",498,0.941644560808465,0.781549125169308,1.07233824492225,"Campbell (R CA-45)",348,"John","Campbell"
"WI","5","R","M","S000244","14657",20,0.943227006291732,0.822596993435414,1.06833787439239,"Sensenbrenner (R WI-5)",349,"F.","Sensenbrenner"
"FL","15","R","M","R000593", ,13,0.945175032503876,0.81389803216503,1.06601965770409,"Ross (R FL-15)",350,"Dennis","Ross"
"IA","4","R","M","K000362","20325",30,0.945370571959449,0.817020982089092,1.06036478760245,"King (R IA-4)",351,"Steve","King"
"TX","26","R","M","B001248","20355",26,0.946488233037649,0.831160246815271,1.07136942691321,"Burgess (R TX-26)",352,"Michael","Burgess"
"TX","1","R","M","G000552","20527",93,0.946596341585907,0.824917999504713,1.0648659224716,"Gohmert (R TX-1)",353,"Louie","Gohmert"
"ID","1","R","M","L000573", ,49,0.95582752298479,0.842880331226604,1.08740196418195,"Labrador (R ID-1)",354,"Raul","Labrador"
"AZ","4","R","M","G000565", ,162,0.960003598660715,0.844857881220512,1.09826896653749,"Gosar (R AZ-4)",355,"Paul","Gosar"
"MN","6","R","F","B001256","20728",84,0.961869813636167,0.837531713009293,1.09568528871705,"Bachmann (R MN-6)",356,"Michele","Bachmann"
"WY","1","R","F","L000571", ,43,0.965679524090839,0.838915456368403,1.09164010551132,"Lummis (R WY-1)",357,"Cynthia","Lummis"
"MS","1","R","M","N000186", ,246,0.967229979777927,0.820901669110802,1.11973969046549,"Nunnelee (R MS-1)",358,"Alan","Nunnelee"
"UT","3","R","M","C001076", ,78,0.974237413349581,0.843274765772809,1.09729092633667,"Chaffetz (R UT-3)",359,"Jason","Chaffetz"
"PA","16","R","M","P000373","29752",23,0.976555473033621,0.848086459259614,1.09623201325875,"Pitts (R PA-16)",360,"Joe","Pitts"
"VA","6","R","M","G000289","39308",17,0.981601001451449,0.856369470779808,1.11595136734837,"Goodlatte (R VA-6)",361,"Robert","Goodlatte"
"KS","3","R","M","Y000063", ,14,0.983707477735521,0.862092571411448,1.11555565856105,"Yoder (R KS-3)",362,"Kevin","Yoder"
"FL","19","R","M","R000596", ,521,0.987089837397366,0.820518847540362,1.14560807354519,"Radel (R FL-19)",363,"Trey","Radel"
"NE","3","R","M","S001172","20729",18,0.991700632567003,0.85758483417371,1.12451571302849,"Smith (R NE-3)",364,"Adrian","Smith"
"IL","14","R","M","H001059", ,16,0.9937932205757,0.86422349082622,1.11767114708155,"Hultgren (R IL-14)",365,"Randy","Hultgren"
"TX","10","R","M","M001157","20530",28,0.997405371675596,0.87200159822488,1.12879091878502,"McCaul (R TX-10)",366,"Michael","McCaul"
"WI","1","R","M","R000570","29939",6,0.997908055302977,0.872606284470158,1.11599936199721,"Ryan (R WI-1)",367,"Paul","Ryan"
"CA","39","R","M","R000487","29321",28,0.998166584486834,0.862384741506391,1.13032737804168,"Royce (R CA-39)",368,"Ed","Royce"
"GA","11","R","M","G000550","20319",123,1.0004988092432,0.866406056666508,1.13641447392892,"Gingrey (R GA-11)",369,"Phil","Gingrey"
"SC","7","R","M","R000597", ,26,1.00703716756762,0.878806403022116,1.13989079613143,"Rice (R SC-7)",370,"Tom","Rice"
"OK","2","R","M","M001190", ,27,1.00809116248179,0.876488965691099,1.14369992631698,"Mullin (R OK-2)",371,"Markwayne","Mullin"
"CA","4","R","M","M001177", ,13,1.01221127894684,0.874701909943385,1.13589827499417,"McClintock (R CA-4)",372,"Tom","McClintock"
"TX","21","R","M","S000583","15445",25,1.01935595096988,0.894000669534762,1.1558371264171,"Smith (R TX-21)",373,"Lamar","Smith"
"NJ","5","R","M","G000548","20336",16,1.02024387047622,0.872265820283772,1.14093275516248,"Garrett (R NJ-5)",374,"Scott","Garrett"
"VA","5","R","M","H001060", ,32,1.03405616631975,0.906691936406085,1.16492610316693,"Hurt (R VA-5)",375,"Robert","Hurt"
"FL","3","R","M","Y000065", ,10,1.03501187053647,0.896518406866194,1.16683103940057,"Yoho (R FL-3)",376,"Ted","Yoho"
"MI","11","R","M","B001280", ,9,1.0440051418584,0.923432556580144,1.18968436676274,"Bentivolio (R MI-11)",377,"Kerry","Bentivolio"
"GA","7","R","M","W000810", ,16,1.05250122799626,0.923785641213634,1.18872294765761,"Woodall (R GA-7)",378,"Rob","Woodall"
"OH","2","R","M","W000815", ,15,1.05485303111065,0.925263249376919,1.19782798595345,"Wenstrup (R OH-2)",379,"Brad","Wenstrup"
"FL","1","R","M","M001144","20110",58,1.05658068833628,0.914655311764406,1.18873095462057,"Miller (R FL-1)",380,"Jeff","Miller"
"TN","8","R","M","F000458", ,56,1.05783873821231,0.918346665531023,1.18915761811279,"Fincher (R TN-8)",381,"Stephen","Fincher"
"AZ","5","R","M","S000018","29500",39,1.05905002258124,0.927218676602307,1.20000133611147,"Salmon (R AZ-5)",382,"Matt","Salmon"
"IN","6","R","M","M001189", ,22,1.05968177846945,0.912468459066508,1.19598676473989,"Messer (R IN-6)",383,"Luke","Messer"
"SC","5","R","M","M001182", ,49,1.06155627282805,0.925188690752962,1.20424971509432,"Mulvaney (R SC-5)",384,"Mick","Mulvaney"
"MD","1","R","M","H001052", ,12,1.06156002733233,0.929573769112258,1.21190585736539,"Harris (R MD-1)",385,"Andy","Harris"
"PA","4","R","M","P000605", ,10,1.06786217538357,0.92480526059502,1.20954839948805,"Perry (R PA-4)",386,"Scott","Perry"
"OH","5","R","M","L000566","20755",6,1.07632047657568,0.940039544075762,1.22925262906842,"Latta (R OH-5)",387,"Robert","Latta"
"MI","7","R","M","W000798","20725",22,1.08124811569583,0.941754146589741,1.22647624076907,"Walberg (R MI-7)",388,"Tim","Walberg"
"TX","32","R","M","S000250","29759",14,1.08413970228672,0.940011943476023,1.22409483878739,"Sessions (R TX-32)",389,"Pete","Sessions"
"GA","8","R","M","S001189", ,20,1.08813734952041,0.938756558224837,1.22250955479535,"Scott (R GA-8)",390,"Austin","Scott"
"TX","8","R","M","B000755","29760",53,1.09096312779084,0.949534009890569,1.24706992444799,"Brady (R TX-8)",391,"Kevin","Brady"
"TN","4","R","M","D000616", ,120,1.09453933562904,0.944447723044237,1.24661388022673,"DesJarlais (R TN-4)",392,"Scott","DesJarlais"
"OK","5","R","M","L000575", ,115,1.09528198160619,0.947690244593391,1.23568881817817,"Lankford (R OK-5)",393,"James","Lankford"
"NC","11","R","M","M001187", ,15,1.0967215000971,0.955063819936768,1.2392171577067,"Meadows (R NC-11)",394,"Mark","Meadows"
"MO","7","R","M","L000576", ,3,1.10379310717211,0.959190285108767,1.24839213875951,"Long (R MO-7)",395,"Billy","Long"
"NC","10","R","M","M001156","20522",34,1.10423874019407,0.960555267097803,1.23890294762811,"McHenry (R NC-10)",396,"Patrick","McHenry"
"UT","1","R","M","B001250","20357",65,1.10482533529057,0.945088829916573,1.2442787320514,"Bishop (R UT-1)",397,"Rob","Bishop"
"AZ","6","R","M","S001183", ,37,1.10618386524084,0.958129203197441,1.25042954476511,"Schweikert (R AZ-6)",398,"David","Schweikert"
"GA","3","R","M","W000796","20506",73,1.10828122501385,0.962822084155363,1.24751498824155,"Westmoreland (R GA-3)",399,"Lynn","Westmoreland"
"FL","19","R","M","C001102","",995,1.11195280122103,0.842112801494289,1.36753693923667,"Clawson (R FL-19)",400,"Curt","Clawson"
"TX","13","R","M","T000238","29572",8,1.11196198815661,0.967326262250207,1.2609399539689,"Thornberry (R TX-13)",401,"William","Thornberry"
"OK","1","R","M","B001283", ,12,1.11236152866356,0.972062558052709,1.25579171620866,"Bridenstine (R OK-1)",402,"Jim","Bridenstine"
"IN","4","R","M","R000592", ,53,1.11250599646391,0.960907242457568,1.25509837140135,"Rokita (R IN-4)",403,"Todd","Rokita"
"TX","3","R","M","J000174","29143",70,1.12278449796077,0.968877263905409,1.26380160885224,"Johnson (R TX-3)",404,"Sam","Johnson"
"TN","6","R","F","B001273", ,18,1.12687842446145,0.97651538240868,1.26504570314039,"Black (R TN-6)",405,"Diane","Black"
"WI","8","R","M","R000587", ,18,1.13173950815804,0.990877955684008,1.26880863020955,"Ribble (R WI-8)",406,"Reid","Ribble"
"AR","4","R","M","C001095", ,14,1.13721292708395,0.998110027890445,1.29678782990147,"Cotton (R AR-4)",407,"Tom","Cotton"
"NC","9","R","M","P000606", ,49,1.14000312042512,0.98270160729502,1.28569927912512,"Pittenger (R NC-9)",408,"Robert","Pittenger"
"CO","5","R","M","L000564","20704",17,1.1425198073798,1.0003018379276,1.28411658025101,"Lamborn (R CO-5)",409,"Doug","Lamborn"
"NC","5","R","F","F000450","20521",6,1.14435431184391,0.990091617581145,1.28774813121389,"Foxx (R NC-5)",410,"Virginia","Foxx"
"MS","4","R","M","P000601", ,68,1.14555104693084,0.987342689393429,1.29627959207925,"Palazzo (R MS-4)",411,"Steven","Palazzo"
"CA","1","R","M","L000578", ,27,1.14901165037822,1.00685185066131,1.31095009680315,"LaMalfa (R CA-1)",412,"Doug","LaMalfa"
"AL","1","R","M","B001289","",673,1.15946605868854,0.949125161457099,1.33955793382139,"Byrne (R AL-1)",413,"Bradley","Byrne"
"SC","2","R","M","W000795","20138",36,1.1610152676959,1.00708253201565,1.32149002906287,"Wilson (R SC-2)",414,"Joe","Wilson"
"TX","22","R","M","O000168", ,29,1.16898947465769,1.01641460603195,1.32520246512377,"Olson (R TX-22)",415,"Pete","Olson"
"TX","11","R","M","C001062","20531",15,1.17470622590071,1.02500017558371,1.33156064386767,"Conaway (R TX-11)",416,"K.","Conaway"
"TX","17","R","M","F000461", ,28,1.18956115685194,1.04283931828205,1.35193998902419,"Flores (R TX-17)",417,"Bill","Flores"
"GA","6","R","M","P000591","20505",13,1.1934167844252,1.03833804995389,1.35055055049855,"Price (R GA-6)",418,"Tom","Price"
"FL","6","R","M","D000621", ,6,1.19600350707257,1.04133193177775,1.36161266654456,"DeSantis (R FL-6)",419,"Ron","DeSantis"
"GA","9","R","M","C001093", ,51,1.20452025311739,1.04644735076976,1.36726816820909,"Collins (R GA-9)",420,"Doug","Collins"
"LA","1","R","M","S001176", ,22,1.21758560148634,1.05903872555827,1.38450074684,"Scalise (R LA-1)",421,"Steve","Scalise"
"MO","8","R","M","S001195","21373",206,1.23205690004907,1.04870267768344,1.40400254322279,"Smith (R MO-8)",422,"Jason","Smith"
"TX","25","R","M","W000816", ,47,1.23714362561615,1.06912233763589,1.40283211514974,"Williams (R TX-25)",423,"Roger","Williams"
"MI","2","R","M","H001058", ,11,1.23886958448702,1.07298862566047,1.38376705080918,"Huizenga (R MI-2)",424,"Bill","Huizenga"
"LA","4","R","M","F000456", ,5,1.24272812269385,1.07409763257987,1.41057486336431,"Fleming (R LA-4)",425,"John","Fleming"
"TN","7","R","F","B001243","20351",30,1.24658403434552,1.0770982122771,1.41591160352335,"Blackburn (R TN-7)",426,"Marsha","Blackburn"
"GA","1","R","M","K000220","29338",166,1.25016370111015,1.07036933816485,1.434859845514,"Kingston (R GA-1)",427,"Jack","Kingston"
"OH","4","R","M","J000289","20738",18,1.26975299646304,1.0987872204105,1.43642488328263,"Jordan (R OH-4)",428,"Jim","Jordan"
"GA","14","R","M","G000560", ,20,1.27025671561869,1.10206407914438,1.42957913601367,"Graves (R GA-14)",429,"Tom","Graves"
"TX","24","R","M","M001158","20532",52,1.2766003433458,1.10294935354117,1.44495432417999,"Marchant (R TX-24)",430,"Kenny","Marchant"
"TX","5","R","M","H001036","20352",10,1.28407595643567,1.11260658006417,1.45475488429623,"Hensarling (R TX-5)",431,"Jeb","Hensarling"
"SC","4","R","M","G000566", ,22,1.29937003361752,1.12928205387768,1.46984100709291,"Gowdy (R SC-4)",432,"Trey","Gowdy"
"IN","3","R","M","S001188", ,36,1.3070620867417,1.13535754181575,1.4738161774518,"Stutzman (R IN-3)",433,"Marlin","Stutzman"
"NC","13","R","M","H001065", ,19,1.30825870955921,1.13517315531605,1.49410398100093,"Holding (R NC-13)",434,"George","Holding"
"OH","1","R","M","C000266","29550",4,1.30874853751988,1.13237042442428,1.48428571121227,"Chabot (R OH-1)",435,"Steven","Chabot"
"KS","4","R","M","P000602", ,82,1.33655696966945,1.14894140002599,1.53968854640149,"Pompeo (R KS-4)",436,"Mike","Pompeo"
"NC","8","R","M","H001067", ,24,1.34960444272639,1.16790658467531,1.52608475549641,"Hudson (R NC-8)",437,"Richard","Hudson"
"AZ","8","R","M","F000448","20304",53,1.36554371986812,1.18658087406575,1.55648149816071,"Franks (R AZ-8)",438,"Trent","Franks"
"TX","19","R","M","N000182","20353",12,1.4224923906438,1.22792213928881,1.61287543854149,"Neugebauer (R TX-19)",439,"Randy","Neugebauer"
"SC","3","R","M","D000615", ,4,1.53332702291956,1.33813827885392,1.75063047237503,"Duncan (R SC-3)",440,"Jeffrey","Duncan"
"TX","14","R","M","W000814", ,10,1.57062861641903,1.36147970419272,1.78019082117781,"Weber (R TX-14)",441,"Randy","Weber"
